{
"actives": [
  {"lastname": "Amundson", "name": "Connor Amundson", "positions": [], "classOf": "AE 2022", "visible": true, "hasImg": true},
  {"lastname": "Barba", "name": "Francisco Barba", "positions": [], "classOf": "AE 2023", "visible": true, "hasImg": false},
  {"lastname": "Beck", "name": "George Beck", "positions": ["Pi"], "classOf": "AE 2023", "visible": true, "hasImg": false},
  {"lastname": "Bergstedt", "name": "Derek Bergstedt", "positions": [""], "classOf": "AE 2023", "visible": true, "hasImg": false},
  {"lastname": "Bowden", "name": "Joshua Bowden", "positions": [], "classOf": "AE 2020", "visible": true, "hasImg": true},
  {"lastname": "Buffo", "name": "Maxwell Buffo", "positions": [], "classOf": "AE 2022", "visible": true, "hasImg": true},
  {"lastname": "Dejesus", "name": "Aryan Dejesus", "positions": [], "classOf": "AE 2023", "visible": true, "hasImg": false},
  {"lastname": "Dela Cruz", "name": "Nicholas Dela Cruz", "positions": [], "classOf": "AE 2021", "visible": true, "hasImg": true},
  {"lastname": "Demitrius", "name": "Steven Demitrius", "positions": [], "classOf": "AE 2022", "visible": false, "hasImg": false},
  {"lastname": "Dickson", "name": "Christopher Dickson", "positions": [], "classOf": "AE 2020", "visible": true, "hasImg": true},
  {"lastname": "Fox", "name": "Ethan Fox", "positions": [], "classOf": "AE 2021", "visible": true, "hasImg": true},
  {"lastname": "Graney", "name": "Sean Graney", "positions": ["Rho"], "classOf": "AE 2023", "visible": true, "hasImg": false},
  {"lastname": "Gutierrez", "name": "Rey Gutierrez", "positions": [], "classOf": "AE 2023", "visible": true, "hasImg": false},
  {"lastname": "Haney", "name": "Zachary Haney", "positions": ["Chi"], "classOf": "AE 2021", "visible": true, "hasImg": true},
  {"lastname": "Hawn", "name": "Ethan Hawn", "positions": ["Theta 2"], "classOf": "AE 2023", "visible": true, "hasImg": false},
  {"lastname": "Ishmam", "name": "Alif Ishmam", "positions": [], "classOf": "AE 2023", "visible": true, "hasImg": false},
  {"lastname": "Kanofsky", "name": "Cameron Kanofsky", "positions": [], "classOf": "AE 2023", "visible": true, "hasImg": false},
  {"lastname": "Keats", "name": "Daniel Keats", "positions": ["Iota"], "classOf": "AE 2021", "visible": true, "hasImg": true},
  {"lastname": "Klompenhower", "name": "Daniel Klompenhower", "positions": [], "classOf": "AE 2022", "visible": true, "hasImg": true},
  {"lastname": "Littlefield", "name": "Mark Littlefield", "positions": ["Epsilon"], "classOf": "AE 2023", "visible": true, "hasImg": false},
  {"lastname": "Martin", "name": "Avery Martin", "positions": [], "classOf": "AE 2020", "visible": true, "hasImg": true},
  {"lastname": "Martin", "name": "Skyler Martin", "positions": [], "classOf": "AE 2023", "visible": true, "hasImg": false},
  {"lastname": "McMahon", "name": "Jake McMahon", "positions": [], "classOf": "AE 2022", "visible": true, "hasImg": true},
  {"lastname": "Meyer", "name": "Joel Meyer", "positions": [], "classOf": "AE 2021", "visible": true, "hasImg": true},
  {"lastname": "Murphy", "name": "Christopher Murphy", "positions": [], "classOf": "AE 2022", "visible": true, "hasImg": true},
  {"lastname": "Mutnansky", "name": "Fredrick Mutnansky", "positions": ["Phi"], "classOf": "AE 2021", "visible": true, "hasImg": true},
  {"lastname": "Negron", "name": "Hunter Negron", "positions": [], "classOf": "AE 2022", "visible": true, "hasImg": false},
  {"lastname": "Ngo", "name": "Huy Ngo", "positions": ["Asst Tau"], "classOf": "AE 2022", "visible": true, "hasImg": true},
  {"lastname": "Nguyen", "name": "Peter Nguyen", "positions": ["Psi"], "classOf": "AE 2022", "visible": true, "hasImg": false},
  {"lastname": "Nogueira", "name": "Mario Nogueira", "positions": [], "classOf": "AE 2022", "visible": true, "hasImg": true},
  {"lastname": "Picton", "name": "Zack Picton", "positions": ["Theta 3"], "classOf": "AE 2023", "visible": true, "hasImg": false},
  {"lastname": "Pinto", "name": "Alexander Pinto", "positions": [], "classOf": "AE 2022", "visible": true, "hasImg": false},
  {"lastname": "Pio", "name": "Jack Pio", "positions": [], "classOf": "AE 2021", "visible": true, "hasImg": true},
  {"lastname": "Pion", "name": "Jason Pion", "positions": ["Theta 1"], "classOf": "AE 2023", "visible": true, "hasImg": false},
  {"lastname": "Rappoport", "name": "Daniel Rappoport", "positions": [], "classOf": "AE 2021", "visible": true, "hasImg": true},
  {"lastname": "Razzaq", "name": "Zabe Razzaq", "positions": ["Beta"], "classOf": "AE 2020", "visible": true, "hasImg": true},
  {"lastname": "Sadaf", "name": "Zawad Sadaf", "positions": ["Upsilon"], "classOf": "AE 2022", "visible": true, "hasImg": false},
  {"lastname": "Schmitz", "name": "Justin Schmitz", "positions": ["Sigma"], "classOf": "AE 2022", "visible": true, "hasImg": true},
  {"lastname": "Schultz", "name": "Bryant Schultz", "positions": ["Alpha"], "classOf": "AE 2022", "visible": true, "hasImg": true},
  {"lastname": "Sherman", "name": "Christopher Sherman", "positions": [], "classOf": "AE 2022", "visible": true, "hasImg": true},
  {"lastname": "Spillman", "name": "Thomas Spillman", "positions": ["Lambda"], "classOf": "AE 2020", "visible": true, "hasImg": true},
  {"lastname": "Villasenor", "name": "Roberto Villasenor", "positions": ["Kappa"], "classOf": "AE 2022", "visible": true, "hasImg": true},
  {"lastname": "Wagler", "name": "Jared Wagler", "positions": [], "classOf": "AE 2022", "visible": true, "hasImg": true},
  {"lastname": "Walsh", "name": "Brandon Walsh", "positions": ["Tau"], "classOf": "AE 2023", "visible": true, "hasImg": false},
  {"lastname": "Willertez", "name": "Alexander Willertez", "positions": [], "classOf": "AE 2022", "visible": true, "hasImg": true}
],
"advisors": [
  {"lastname": "Zielinski", "name": "Tanner Zielinski", "positions": ["Resident Advisor"], "classOf": "AE 2019", "visible": true, "hasImg": false},
  {"lastname": "Zurowski", "name": "Peter Zurowski", "positions": ["Housing Corp. Pres."], "classOf": "AE 2014", "visible": false, "hasImg": false},
  {"lastname": "Bassett", "name": "Leo Bassett", "positions": ["Chapter Advisor"], "classOf": "AE 2009", "visible": true, "hasImg": true},
  {"lastname": "Doman", "name": "Gary Doman", "positions": ["Assistant Chapter Advisor"], "classOf": "AE 1986", "visible": true, "hasImg": true}
]
}
